name,x,y,area,rent,rent/m2
 中信泰富又一城,121.248599,31.33240764,19.8,1830,92.42424242
 北九峰小区,121.2237844,31.02090222,15.8,1890,119.6202532
 美罗家园罗秀苑,121.4075123,31.12874747,17.5,1190,68
 明丰公寓,121.2240786,31.02976589,15.8,1860,117.721519
 渔洋苑,121.2274443,31.09007999,12.5,1830,146.4
 佘山假日半岛,121.22738,31.08697043,17,2190,128.8235294
 好日子大家园B区,121.357189,31.35130899,18.5,1890,102.1621622
 妙栏小区,121.6869306,31.18904264,13.2,1830,138.6363636
 花山锦地苑,121.5744761,31.35013782,14.4,1890,131.25
 绿地蔷薇九里(公寓),121.2262965,31.0610048,12.1,1890,156.1983471
 绿地蔷薇九里(公寓),121.2262965,31.0610048,12.6,1890,150
 顺馨佳园,121.6721857,31.19445599,28.5,79,2.771929825
 天馨花园(公寓),121.4241122,31.36488251,16,1960,122.5
 立诚苑,121.6813046,31.19683818,19.4,2030,104.6391753
 立诚苑,121.6813046,31.19683818,19,1930,101.5789474
 绿地蔷薇九里(公寓),121.2262965,31.0610048,13,1890,145.3846154
 丽景翠庭,121.4262217,31.39029574,12.5,1860,148.8
 银丰苑,121.6837178,31.26954708,16.1,1890,117.3913043
 锦桂苑,121.2290952,31.03797458,15.8,2090,132.278481
 富绅时代公馆,121.0914693,31.16385409,11,1890,171.8181818
 泗泾新苑,121.2689835,31.11626714,8.5,1890,222.3529412
 丽景翠庭,121.4262217,31.39029574,32.7,2130,65.13761468
 富绅时代公馆,121.0914693,31.16385409,11,1860,169.0909091
 日月新苑,121.4993235,31.15166125,9.8,1830,186.7346939
 佘山假日半岛,121.22738,31.08697043,17.8,2090,117.4157303
 保利叶之林(一期),121.3726606,31.32749683,20.5,2190,106.8292683
 华盛名门,121.6887743,31.19671467,17,1860,109.4117647
 星辰园(公寓),121.2246448,31.05269272,11,1930,175.4545455
 星辰园(公寓),121.2246448,31.05269272,11,1960,178.1818182
 星辰园(公寓),121.2246448,31.05269272,11,1930,175.4545455
 东方丽都,121.4292928,31.3855246,13.7,1860,135.7664234
 共富一村,121.425424,31.35353695,11.8,1990,168.6440678
 三湘四季花城,121.2242129,31.05554184,18.8,2030,107.9787234
 水语人家南苑,121.528115,31.04698653,16.2,1590,98.14814815
 星辰园(公寓),121.2246448,31.05269272,10.5,1930,183.8095238
 妙龙小区,121.683765,31.18769326,15.9,1830,115.0943396
 地杰国际城D街坊,121.5699557,31.16269423,12.7,1890,148.8188976
 凯佳公寓,121.6933114,31.17767183,19.3,1860,96.37305699
 港城新苑,121.5779497,31.35441387,17.6,1930,109.6590909
 招商海德名门,121.4153838,31.39436296,20,2030,101.5
 祥和公寓(松江),121.2589835,31.11942265,13.9,1960,141.0071942
 锦桂苑,121.2290952,31.03797458,15.9,1960,123.2704403
 顺馨佳园,121.6721857,31.19445599,16,1890,118.125
 锦泰苑,121.4122412,31.14191983,15.4,1860,120.7792208
 乾溪新村,121.4030597,31.30602856,15.3,1890,123.5294118
 地杰国际城D街坊,121.5699557,31.16269423,13.36,2190,163.9221557
 华盛名门,121.6887743,31.19671467,22.4,2190,97.76785714
 荣域飘鹰锦和花园(公寓),121.4241757,31.36873972,13.2,1930,146.2121212
 华盛名门,121.6887743,31.19671467,22.4,2190,97.76785714
 荣域飘鹰锦和花园(公寓),121.4241757,31.36873972,13.2,1930,146.2121212
 丽景翠庭,121.4262217,31.39029574,13.3,1990,149.6240602
 绿地蔷薇九里(公寓),121.2262965,31.0610048,14,1890,135
 杨泰春城,121.4307075,31.38243711,16,1830,114.375
 新金山花园,121.3810013,31.09089178,10.7,1890,176.635514
 桃园新村(川沙),121.6960141,31.19052251,13.5,1860,137.7777778
 立诚苑,121.6813046,31.19683818,15.3,1830,119.6078431
 金钻苑,121.677819,31.27752692,14.6,1930,132.1917808
 星辰园(公寓),121.2246448,31.05269272,12.5,1830,146.4
 星辰园(公寓),121.2246448,31.05269272,12.5,1830,146.4
 好日子大家园B区,121.357189,31.35130899,18,1890,105
 星辰园(公寓),121.2246448,31.05269272,12.5,1830,146.4
 华盛名门,121.6887743,31.19671467,19.1,2090,109.4240838
 祁连二村,121.374342,31.31958213,14.1,1830,129.787234
 经纬弘汇地标家园,121.3419728,31.19677689,17.3,2160,124.8554913
 祥和公寓(松江),121.2589835,31.11942265,15.7,1890,120.3821656
 天馨花园(公寓),121.4241122,31.36488251,13.7,1930,140.8759124
 天馨花园(公寓),121.4241122,31.36488251,13,1960,150.7692308
 港城新苑,121.5779497,31.35441387,11.1,1890,170.2702703
 锦秋花园(公寓),121.3857654,31.32604384,16.4,2060,125.6097561
 御桥花园,121.5339265,31.15304157,25.5,2290,89.80392157
 新川苑,121.6896437,31.19471509,11.5,1830,159.1304348
 水语人家南苑,121.528115,31.04698653,16,1690,105.625
 绿水家园,121.3833309,31.09882821,11.2,1890,168.75
 九峰小区,121.2249035,31.01742522,17.3,1790,103.4682081
 绿地清猗园(威廉公馆),121.315542,31.2991734,13.4,2160,161.1940299
 象屿名城,121.311686,31.13314382,10.3,1890,183.4951456
 共富一村,121.425424,31.35353695,11.9,1890,158.8235294
 金光小区,121.5087437,31.14721588,8.1,2190,270.3703704
 星辰园(公寓),121.2246448,31.05269272,13.4,1830,136.5671642
 共富一村,121.425424,31.35353695,11.8,1890,160.1694915
 上大聚丰园,121.3802734,31.31099555,18,1890,105
 民东公寓,121.3109416,31.29500132,11.9,1830,153.7815126
 绿地新江桥城,121.3069842,31.2383546,11.5,1960,170.4347826
 桃浦新家园,121.3432496,31.29000726,20,1990,99.5
 共富一村,121.425424,31.35353695,10,2090,209
 云润家园,121.3141837,31.13107306,16.3,2090,128.2208589
 共富一村,121.425424,31.35353695,10.8,2090,193.5185185
 马陆金沙湾,121.6955642,31.20103818,16.1,1860,115.5279503
 共富一村,121.425424,31.35353695,8.7,1890,217.2413793
 好世凤凰城,121.3867696,31.09508406,14.5,2190,151.0344828
 地杰国际城D街坊,121.5699557,31.16269423,12.6,1990,157.9365079
 上海青年城,121.3122698,31.13863705,9.3,1930,207.5268817
 天馨花园(公寓),121.4241122,31.36488251,9,1960,217.7777778
 品华苑,121.5166486,31.14230805,10.7,1890,176.635514
 协通公寓,121.1482849,31.29796114,15.6,1890,121.1538462
 绿海家园,121.7041318,31.18882644,13.7,1830,133.5766423
 培元新苑,121.6682811,31.21257561,9.1,2060,226.3736264
 美罗家园罗秀苑,121.4075123,31.12874747,10,1060,106
 华高一村,121.6084156,31.28319677,14.3,2030,141.958042
 润江花苑,121.2549364,31.11023937,20,2060,103
 祥泰苑,121.4039527,31.32479531,16.4,1830,111.5853659
 浦发绿城,121.535113,31.14577525,12.2,1890,154.9180328
 九亭苑,121.323953,31.13213301,13.2,1890,143.1818182
 新里米兰公寓,121.1949698,31.29691502,91,3990,43.84615385
 丽都城假日景苑,121.4037786,31.01488803,16.45,2090,127.0516717
 好日子大家园A区,121.3611068,31.35283339,14.6,1890,129.4520548
 浦发绿城,121.535113,31.14577525,11.9,1990,167.2268908
 路劲上海派,121.1926255,31.29493716,90,3960,44
 品珍苑,121.5189679,31.14293052,10.5,2090,199.047619
 新梅公寓,121.3835636,31.12485375,13,2230,171.5384615
 祥和公寓(松江),121.2589835,31.11942265,12,1860,155
 浦发绿城,121.535113,31.14577525,11.8,1890,160.1694915
 共富一村,121.425424,31.35353695,14.2,1890,133.0985915
 华中公寓,121.226849,31.02069756,12.9,1730,134.1085271
 民康苑,121.5630954,31.15801319,12.7,1990,156.6929134
 阳明花园广场,121.5876936,31.3375839,10.3,1890,183.4951456
 民康苑,121.5630954,31.15801319,9,2190,243.3333333
 上大阳光乾静园,121.4025814,31.31343271,15.1,2190,145.0331126
 御上海,121.2296785,31.05078588,17,1930,113.5294118
 华中公寓,121.226849,31.02069756,14,2160,154.2857143
 大黄馨园,121.4161374,31.3615079,14,1830,130.7142857
 上浦小区,121.6837229,31.1934816,13.8,1930,139.8550725
 华中公寓,121.226849,31.02069756,80,4130,51.625
 康桥水都(公寓),121.4315066,31.36246408,17.34,2030,117.0703576
 芙蓉新村,121.1559833,31.29503088,9.9,1190,120.2020202
 浦江东旭公寓,121.581743,31.2962782,11.6,2060,177.5862069
 界龙新世纪公寓,121.6913157,31.1971277,15.2,2060,135.5263158
 界龙新世纪公寓,121.6913157,31.1971277,15.2,2060,135.5263158
 清河湾佳苑(二期),121.0979605,31.16883972,9.4,1160,123.4042553
 三林苑,121.5186018,31.14601968,12,2090,174.1666667
 和祥佳园,121.5660189,31.35402586,15.12,2030,134.2592593
 桃浦二村永汇新苑,121.3473552,31.27967898,12.3,2290,186.1788618
 共富一村,121.425424,31.35353695,10.1,1990,197.029703
 新润花苑,121.6853061,31.20040834,21.6,1930,89.35185185
 东力新村,121.6230759,31.28923048,14.6,2190,150
 联星丽景苑,121.3423345,31.2823724,10.1,1890,187.1287129
 闵浦新苑五村,121.5316485,31.06522582,14.7,1690,114.9659864
 沁春园三村,121.3710991,31.09853953,13.4,1890,141.0447761
 金港花园(公寓),121.2602028,31.11360686,16.5,1960,118.7878788
 德华路226弄,121.3103787,31.29768305,48,2390,49.79166667
 东方城市绿洲,121.6762935,31.18860969,14.5,1990,137.2413793
 金港花园(公寓),121.2602028,31.11360686,14.9,1890,126.8456376
 御桥馨华苑,121.5665271,31.15590626,14,1990,142.1428571
 新川苑,121.6896437,31.19471509,16,2330,145.625
 美罗家园罗秀苑,121.4075123,31.12874747,10,1030,103
 妙城公寓,121.6927249,31.19371426,15.1,2060,136.4238411
 桃浦二村永汇新苑,121.3473552,31.27967898,12.79,2090,163.4089132
 紫荆四村,121.160392,31.29413725,13.9,1560,112.2302158
 沁春园二村,121.373105,31.09653074,13.2,2060,156.0606061
 桃浦二村永汇新苑,121.3473552,31.27967898,14,2130,152.1428571
 奥林匹克花园,121.3224765,31.14966699,12.4,1830,147.5806452
 水岸秀苑,121.3042921,31.24157887,14.8,1890,127.7027027
 浦发绿城,121.535113,31.14577525,14,1930,137.8571429
 舒馨北苑,121.6631044,31.19353426,16,1830,114.375
 润和苑,121.2637383,31.11360785,14,1860,132.8571429
 众众德尚世嘉,121.396987,31.07544111,13,1890,145.3846154
 美丽星城,121.3230052,31.13529199,18,1990,110.5555556
 新城悠活城,121.2236494,31.3802236,12.2,1590,130.3278689
 高行绿洲(一期),121.5916819,31.32712744,10.1,1890,187.1287129
 东街名庭,121.5815106,31.34976997,13,1990,153.0769231
 御上海,121.2296785,31.05078588,11.5,1830,159.1304348
 沁春园二村,121.373105,31.09653074,13.3,1890,142.1052632
 杉林新月环林东路799弄,121.528552,31.14610451,11.5,1990,173.0434783
 北九峰小区,121.2237844,31.02090222,14,1690,120.7142857
 康桥水都(公寓),121.4315066,31.36246408,11.5,1990,173.0434783
 象屿鼎城(公寓),121.6807648,31.18813797,18.7,1960,104.8128342
 博一小区,121.5788528,31.26886832,7.1,1830,257.7464789
 御景豪园,121.6790948,31.19400039,20,2130,106.5
 三林苑,121.5186018,31.14601968,13.1,2190,167.1755725
 天馨花园(公寓),121.4241122,31.36488251,13.5,1930,142.962963
 荣乐小区,121.2194651,31.01794237,56,3560,63.57142857
 三湘四季花城,121.2242129,31.05554184,16.3,2090,128.2208589
 美罗家园美安苑,121.3413788,31.390305,13.5,1090,80.74074074
 车站新村(普陀),121.39752,31.26233762,15.19,2560,168.5319289
 美丽星城,121.3230052,31.13529199,12.2,2090,171.3114754
 尼德兰花园(二期),121.5783792,31.33761443,14.3,1960,137.0629371
 绿地新江桥城,121.3069842,31.2383546,7.5,1830,244
 经纬阳光水岸家园(一期),121.399347,31.32955836,10.4,1890,181.7307692
 品珍苑,121.5189679,31.14293052,10,1960,196
 莘光苑,121.3853825,31.12705875,14.2,2390,168.3098592
 联星丽景苑,121.3423345,31.2823724,12.3,2390,194.3089431
 金港花园(公寓),121.2602028,31.11360686,14,2190,156.4285714
 荣乐小区,121.2194651,31.01794237,13.6,1690,124.2647059
 荣乐小区,121.2194651,31.01794237,13.6,1690,124.2647059
 大黄馨园,121.4161374,31.3615079,14.5,1960,135.1724138
 金钻苑,121.677819,31.27752692,16.1,1890,117.3913043
 经纬城市绿洲,121.3988469,31.33070802,10.9,1890,173.3944954
 三林安居苑,121.5219016,31.14719549,8.1,1990,245.6790123
 立诚苑,121.6813046,31.19683818,15.1,2390,158.2781457
 上大阳光乾泽园,121.3974885,31.31134093,17.6,2360,134.0909091
 银丰苑,121.6837178,31.26954708,15.5,2190,141.2903226
 新城金郡,121.235739,31.34716781,15.8,1560,98.73417722
 鹤沙航城汇诚佳苑,121.598111,31.07429849,7.6,1090,143.4210526
 安居锦竹苑,121.3431544,31.29214338,12,1830,152.5
 天馨花园(公寓),121.4241122,31.36488251,12.5,1990,159.2
 桃浦二村永汇新苑,121.3473552,31.27967898,11.5,1890,164.3478261
 浦江东旭公寓,121.581743,31.2962782,11.66,2190,187.8216123
 经纬观澜弘郡家园(三期),121.3419728,31.19677689,14.3,1830,127.972028
 经纬学府涵青花园(二期),121.3929125,31.3327128,12.6,1990,157.9365079
 联星丽景苑,121.3423345,31.2823724,14.2,2390,168.3098592
 金港花园(公寓),121.2602028,31.11360686,12,1890,157.5
 品珍苑,121.5189679,31.14293052,12.5,1990,159.2
 经纬城市绿洲,121.3988469,31.33070802,12.1,1830,151.2396694
 新逸仙公寓,121.4926737,31.34929897,12.3,2390,194.3089431
 品珍苑,121.5189679,31.14293052,10.8,1890,175
 路劲上海派,121.1926255,31.29493716,86,3960,46.04651163
 路劲上海派,121.1926255,31.29493716,86,3890,45.23255814
 高行绿洲(一期),121.5916819,31.32712744,13.04,2090,160.2760736
 经纬学府涵青花园(二期),121.3929125,31.3327128,14.2,2090,147.1830986
 国和二村,121.5247285,31.32179072,17.1,2590,151.4619883
 美罗家园罗秀苑,121.4075123,31.12874747,16,1590,99.375
 御桥馨华苑,121.5665271,31.15590626,11.2,2260,201.7857143
 经纬学府涵青花园(二期),121.3929125,31.3327128,14.2,2090,147.1830986
 国和二村,121.5247285,31.32179072,17.1,2590,151.4619883
 美罗家园罗秀苑,121.4075123,31.12874747,16,1590,99.375
 巨峰家苑(公寓),121.5992464,31.28063882,13,2090,160.7692308
 御桥馨华苑,121.5665271,31.15590626,11.2,2260,201.7857143
 华高苑,121.6019746,31.28692411,14.3,2030,141.958042
 潼港八村,121.5673822,31.35127371,13.9,1930,138.8489209
 南杨花园,121.5503603,31.19419898,9,1830,203.3333333
 联星丽景苑,121.3423345,31.2823724,10.1,1890,187.1287129
 经纬学府涵青花园(二期),121.3929125,31.3327128,16.6,2190,131.9277108
 东方城市绿洲,121.6762935,31.18860969,14.9,1930,129.5302013
 未来域,121.5319839,31.15194954,11.1,1930,173.8738739
 东方城市绿洲,121.6762935,31.18860969,12.1,1830,151.2396694
 龙湖北城天街,121.3561039,31.36260668,17.6,2490,141.4772727
 好日子大家园B区,121.357189,31.35130899,16.5,1690,102.4242424
 江虹花园,121.2228833,31.02470286,18.4,2130,115.7608696
 华高新苑,121.6047071,31.2855322,20.4,2490,122.0588235
 高行绿洲(五期),121.5916819,31.32712744,11.1,1990,179.2792793
 上大阳光乾静园,121.4025814,31.31343271,19.2,2090,108.8541667
 鹤沙航城东茗苑,121.5958968,31.07707264,9.2,1190,129.3478261
 海上新村,121.3642811,31.15830832,12.2,2260,185.2459016
 罗智路258弄,121.3406115,31.38759956,12,1190,99.16666667
 绿海家园,121.7041318,31.18882644,19.5,2290,117.4358974
 川沙公寓,121.6852478,31.19157959,15.9,2290,144.0251572
 绿地公园广场,121.3781873,31.35190868,64,3890,60.78125
 金纬新苑,121.5791252,31.33886651,15.5,1890,121.9354839
 罗南二村,121.3624143,31.38795049,10.1,990,98.01980198
 美丽星城,121.3230052,31.13529199,11,1890,171.8181818
 高行绿洲(三期),121.5916819,31.32712744,11.6,1890,162.9310345
 锦秋花园(公寓),121.3857654,31.32604384,10.5,1890,180
 锦龙苑,121.3740916,31.31442133,18.8,1890,100.5319149
 新逸仙公寓,121.4926737,31.34929897,14,2190,156.4285714
 海上新村,121.3642811,31.15830832,13.36,2590,193.8622754
 天馨花园(公寓),121.4241122,31.36488251,15.7,2190,139.4904459
 绿地清猗园(威廉公馆),121.315542,31.2991734,16.3,2190,134.3558282
 好世凤凰城,121.3867696,31.09508406,14.4,1890,131.25
 妙城公寓,121.6927249,31.19371426,12.3,1930,156.9105691
 美罗家园罗秀苑,121.4075123,31.12874747,17,1690,99.41176471
 康桥花园,121.558304,31.1516728,12.6,1960,155.5555556
 金地自在城(二期),121.2465896,31.12741789,10.5,1860,177.1428571
 东方悦居,121.5013415,31.16723692,12.3,1830,148.7804878
 共富二村,121.4284572,31.34874829,11.6,1930,166.3793103
 东沟六村,121.5732646,31.29101603,9.39,1860,198.0830671
 万业紫辰苑,121.433717,31.4013386,13.3,1990,149.6240602
 祥和公寓(松江),121.2589835,31.11942265,14.3,2060,144.0559441
 保利西子湾,121.2302719,31.06333885,14.4,2060,143.0555556
 美罗家园罗秀苑,121.4075123,31.12874747,16,1490,93.125
 罗秀新苑,121.4056612,31.12881291,11.75,2230,189.787234
 美兰湖岭域,121.353287,31.39242362,13.2,1530,115.9090909
 同方锦城,121.5814008,31.26503094,9.5,2090,220
 东源名都,121.6108774,31.2866345,11.7,2090,178.6324786
 锦绣逸庭(公寓),121.256661,31.17218492,12.7,1860,146.4566929
 招商海德名门,121.4153838,31.39436296,16.8,1990,118.452381
 高乐小区,121.2292977,31.02118303,15.8,1790,113.2911392
 泗泾新苑,121.2689835,31.11626714,8,2160,270
 汇善嘉苑,121.6047757,31.08123588,11.3,1690,149.5575221
 学林苑,121.3796507,31.31556228,14.6,2190,150
 凌兆新村(上浦路165弄),121.4861874,31.14776196,12.8,1960,153.125
 锦绣逸庭(公寓),121.256661,31.17218492,12.9,1830,141.8604651
 大华二村,121.4148703,31.27037921,13.9,2390,171.942446
 祥和花苑(公寓),121.2334117,31.02913756,12.7,2060,162.2047244
 芳佳苑,121.547952,31.19381413,14,2290,163.5714286
 明丰公寓,121.2240786,31.02976589,19.7,1490,75.63451777
 车站新村(普陀),121.39752,31.26233762,11.2,2060,183.9285714
 华中公寓,121.226849,31.02069756,12.2,1490,122.1311475
 黄山始信苑,121.5663068,31.25832598,15.9,2290,144.0251572
 路劲上海派,121.1926255,31.29493716,10.7,1490,139.2523364
 锦绣华都,121.5772816,31.15738627,13.3,2090,157.1428571
 名扬佳园,121.5625242,31.35333464,14.3,2030,141.958042
 地杰国际城F欧香四季,121.5706689,31.15979798,16.5,2560,155.1515152
 招商海德名门,121.4153838,31.39436296,15.2,2290,150.6578947
 大黄馨园,121.4161374,31.3615079,14.7,1890,128.5714286
 桃浦二村永汇新苑,121.3473552,31.27967898,13.1,1990,151.9083969
 鎏园,121.4942241,31.34633785,13.22,2490,188.3509834
 康桥水都(公寓),121.4315066,31.36246408,13,1860,143.0769231
 新锦港花园,121.1130855,31.15988179,13.8,1790,129.7101449
 美丽星城,121.3230052,31.13529199,11.6,2130,183.6206897
 联星丽景苑,121.3423345,31.2823724,14.2,2390,168.3098592
 云润家园,121.3141837,31.13107306,16.4,2190,133.5365854
 绿海家园,121.7041318,31.18882644,11.6,1860,160.3448276
 华高二村,121.6108618,31.28342223,10.9,2330,213.7614679
 经纬城市绿洲,121.3988469,31.33070802,11.9,2190,184.0336134
 绿地御桥苑,121.431914,31.23949396,13,1930,148.4615385
 金鹤新城城杰苑,121.3037688,31.24767478,11.5,1890,164.3478261
 绿地海域苏河源(二期),121.154099,31.28051069,16,1030,64.375
 上海派,121.1929867,31.29514227,10.5,1190,113.3333333
 贝越水岸名邸,121.6917746,31.17993472,12.5,2090,167.2
 博爱家园,121.5073619,31.18708698,8,2090,261.25
 上大阳光乾恩园,121.4000278,31.31074528,19,2260,118.9473684
 新城尚上城,121.1760297,31.28717009,59.16,3590,60.68289385
 怡心苑,121.5709498,31.35022122,14.1,1990,141.1347518
 桃浦新家园,121.3432496,31.29000726,14.3,2130,148.951049
 金鹤新城双佳翠庭,121.311333,31.24395969,12,1990,165.8333333
 宏立瑞园,121.3177136,31.3115116,13.86,1890,136.3636364
 古美三村,121.3975301,31.14322865,15,2330,155.3333333
 车站新村(普陀),121.39752,31.26233762,12.4,2390,192.7419355
 国和二村,121.5247285,31.32179072,15,2390,159.3333333
 芳芯路251弄,121.552379,31.19469514,9.8,2390,243.877551
 航华四村,121.3549194,31.17335117,15.21,2430,159.7633136
 三林苑,121.5186018,31.14601968,9.2,2190,238.0434783
 大华二村,121.4148703,31.27037921,12.5,2390,191.2
 民东公寓,121.3109416,31.29500132,14.5,2390,164.8275862
 高境一村,121.4789285,31.32146351,15.74,2390,151.8424396
 澜茵华庭,121.31165,31.24074971,11.8,2360,200
 一品漫城(二期),121.487489,31.11646137,13.2,2190,165.9090909
 浦润苑,121.5284003,31.04428029,80.22,3530,44.00398903
 中环一号(一期),121.400334,31.2939328,16.7,2090,125.1497006
 润和苑,121.2637383,31.11360785,16.9,2030,120.1183432
 叶城五街坊,121.2299634,31.36881135,12.7,1130,88.97637795
 上海派,121.1929867,31.29514227,7.4,1090,147.2972973
 上海派,121.1929867,31.29514227,7.4,1090,147.2972973
 浦江馨都,121.5289172,31.04111686,10,1560,156
 好日子大家园A区,121.3611068,31.35283339,14.3,2090,146.1538462
 泗泾新苑,121.2689835,31.11626714,12.3,2060,167.4796748
 东缘公寓,121.5635419,31.15159181,11,2090,190
 金桂新村,121.1618905,31.28891285,14,1360,97.14285714
 罗阳七村(三洲花园),121.3933472,31.12657869,14.1,2030,143.9716312
 上大阳光乾泽园,121.3974885,31.31134093,14.2,2090,147.1830986
 杉林新月环林东路799弄,121.528552,31.14610451,14,2090,149.2857143
 瑞丰园,121.372886,31.31903371,10.9,2030,186.2385321
 丰宝苑,121.3685901,31.3182272,13.2,1860,140.9090909
 新梅公寓,121.3835636,31.12485375,14,2190,156.4285714
 博一小区,121.5788528,31.26886832,12.98,1960,151.0015408
 高境欣苑,121.4819578,31.32080495,9.8,2360,240.8163265
 宜嘉苑,121.6026998,31.28879415,13.2,2330,176.5151515
 芳芯苑,121.5538217,31.19499355,13.8,2360,171.0144928
 金鹤新城双佳翠庭,121.311333,31.24395969,11.5,2190,190.4347826
 紫荆四村,121.160392,31.29413725,14.4,1730,120.1388889
 佳洲欣苑,121.6828847,31.19005082,16.5,1990,120.6060606
 闵富花苑,121.3658283,31.10623907,16.57,1930,116.4755582
 平阳三街坊,121.3808832,31.13521079,10.5,2390,227.6190476
 高行绿洲(六期),121.5916819,31.32712744,11.45,1990,173.7991266
 上泰雅苑,121.5782116,31.28112521,22.71,2460,108.322325
 高乐小区,121.2292977,31.02118303,11.2,1490,133.0357143
 大发融悦,121.0813117,31.13687627,8.3,1160,139.7590361
 汇福家园健康里,121.5904973,31.09114176,13.5,1190,88.14814815
 云润家园,121.3141837,31.13107306,15.5,2090,134.8387097
 龙柏四村,121.3586498,31.18034196,18,2590,143.8888889
 大发融悦,121.0813117,31.13687627,8.6,1160,134.8837209
 高境一村,121.4789285,31.32146351,18,2690,149.4444444
 泰辰复兴苑,121.4698193,31.21597762,11.2,2060,183.9285714
 经纬阳光水岸家园(一期),121.399347,31.32955836,15.5,2090,134.8387097
 双桥小区,121.5919232,31.28809595,11.4,2030,178.0701754
 聚丰景都,121.3702853,31.31307014,15,1890,126
 浦发绿城,121.535113,31.14577525,11,1990,180.9090909
 地杰国际城F欧香四季,121.5706689,31.15979798,15.6,2330,149.3589744
 春光家园,121.351817,31.28023413,14.3,1890,132.1678322
 恒大华城天地苑,121.4856934,31.16517265,20.01,2390,119.4402799
 高乐小区,121.2292977,31.02118303,13,1730,133.0769231
 北九峰小区,121.2237844,31.02090222,18.7,1790,95.72192513
 锦绣华都,121.5772816,31.15738627,12.3,1890,153.6585366
 海东公寓,121.544042,31.18572915,11,2360,214.5454545
 梧桐城邦(二期),121.4062137,31.29483854,10.5,1890,180
 好日子大家园B区,121.357189,31.35130899,14,1790,127.8571429
 逸兴家园,121.4951157,31.34998809,12.7,2190,172.4409449
 高行馨苑,121.609612,31.29960877,26,1860,71.53846154
 环镇北路600弄,121.3994144,31.30857635,14,1990,142.1428571
 奥林匹克花园,121.3224765,31.14966699,9.2,1830,198.9130435
 场中路239弄,121.4755027,31.31207968,15.2,2190,144.0789474
 新德佳苑,121.6639095,31.19147818,14.2,1930,135.915493
 双桥小区,121.5919232,31.28809595,15.1,2290,151.6556291
 航华二村嘉丰公寓,121.3460625,31.17490254,15.1,2230,147.6821192
 御桥花园,121.5339265,31.15304157,19.9,2590,130.1507538
 瑞丰园,121.372886,31.31903371,9.3,2030,218.2795699
 金鼎公寓(普陀),121.3917264,31.26841032,13.1,2230,170.2290076
 彭新小区,121.4422154,31.31141293,12.16,2530,208.0592105
 长宏新苑,121.4892008,31.34457105,10.49,2290,218.3031459
 和合新村,121.5706093,31.15382563,11.9,1890,158.8235294
 未来域,121.5319839,31.15194954,10.3,1890,183.4951456
 万里真金苑,121.4017678,31.26925125,24.1,2490,103.3195021
 经纬观澜弘郡家园(三期),121.3419728,31.19677689,11,2190,199.0909091
 檀乡湾,121.4129595,31.35933394,18.6,1890,101.6129032
 恒大小区,121.5038544,31.17329098,14,2460,175.7142857
 乐业二村,121.4279163,31.4119373,12.9,1660,128.6821705
 莘光苑,121.3853825,31.12705875,12,2190,182.5
 九亭明珠苑(公寓),121.3274744,31.13593399,10,1860,186
 三林安居苑,121.5219016,31.14719549,12,2390,199.1666667
 东陆新村二街坊,121.5946843,31.27462489,12.8,2390,186.71875
 江桥三村五街坊,121.3318068,31.25805182,12.36,1830,148.0582524
 经纬学府涵青花园(二期),121.3929125,31.3327128,15.22,1960,128.7779238
 高行绿洲(四期),121.5916819,31.32712744,10.2,1960,192.1568627
 高行绿洲(一期),121.5916819,31.32712744,12.9,1860,144.1860465
 金唐公寓,121.6541855,31.20356588,16.5,2160,130.9090909
 新梅莘苑,121.3836894,31.10478127,13,2230,171.5384615
 南大街14弄,121.3983955,31.24933848,14.6,2560,175.3424658
 美安路215弄,121.3452797,31.38983926,16,1530,95.625
 虹桥机场新村,121.3486428,31.18537625,8.05,2030,252.173913
 芙蓉二街坊,121.1553053,31.29306434,15.5,1560,100.6451613
 浦发绿城,121.535113,31.14577525,17,2260,132.9411765
 桃浦五村杜鹃苑,121.3470252,31.28738561,15.5,2260,145.8064516
 大名城名郡,121.1515095,31.29115155,9.5,1530,161.0526316
 闵浦新苑五村,121.5316485,31.06522582,14.7,1460,99.31972789
 朱梅小区,121.4084973,31.13087238,14,2090,149.2857143
 九峰小区,121.2249035,31.01742522,13.5,1530,113.3333333
 金禾新苑,121.5243788,31.15141242,9.8,2130,217.3469388
 巨东小区,121.5465945,31.23824762,12.2,2190,179.5081967
 地杰国际城F欧香四季,121.5706689,31.15979798,16.8,2460,146.4285714
 上大阳光乾恩园,121.4000278,31.31074528,17,2190,128.8235294
 馨佳园(韶山路419弄),121.3619887,31.36423433,14.5,1660,114.4827586
 东荷小区,121.5885425,31.27527919,9.7,1990,205.1546392
 华丽家园,121.3886654,31.10458051,11.15,1830,164.1255605
 罗阳三村,121.4030119,31.12423425,10.17,2160,212.3893805
 中房公寓,121.3057205,31.24545947,11.7,1960,167.5213675
 绿地清猗园(威廉公馆),121.315542,31.2991734,13.6,1990,146.3235294
 美岸栖庭(公寓),121.4882031,31.32977125,15.2,2360,155.2631579
 东方城市花园(一期),121.5169889,31.20496577,7.3,1990,272.6027397
 中房公寓,121.3057205,31.24545947,11.7,1960,167.5213675
 绿地清猗园(威廉公馆),121.315542,31.2991734,13.6,1990,146.3235294
 金海华城华康佳苑,121.4917552,31.26080337,15.1,2190,145.0331126
 美岸栖庭(公寓),121.4882031,31.32977125,15.2,2360,155.2631579
 东方城市花园(一期),121.5169889,31.20496577,7.3,1990,272.6027397
 世昶生活广场,121.1556796,31.29141382,53,3130,59.05660377
 华夏小区,121.4893477,31.1653707,14.7,2260,153.7414966
 水语人家南苑,121.528115,31.04698653,12.8,1430,111.71875
 平吉二村,121.3794773,31.14664414,15.04,2290,152.2606383
 上大阳光乾澄园,121.4045921,31.30886343,12,2290,190.8333333
 三林苑,121.5186018,31.14601968,9.6,2230,232.2916667
 三湘四季花城,121.2242129,31.05554184,15.5,2090,134.8387097
 罗智路258弄,121.3406115,31.38759956,10,1060,106
 桃浦一村瑞香苑,121.3482892,31.28701057,67,4590,68.50746269
 顺驰美兰湖,121.3519504,31.40769307,95,4230,44.52631579
 经纬弘汇地标家园,121.3419728,31.19677689,9.8,1830,186.7346939
 莘城公寓,121.3886154,31.10948463,20,2360,118
 丽都城假日景苑,121.4037786,31.01488803,10.7,1660,155.1401869
 杉林新月环林东路799弄,121.528552,31.14610451,12,1930,160.8333333
 芳芯路251弄,121.552379,31.19469514,9.8,2390,243.877551
 三湘四季花城,121.2242129,31.05554184,16.2,2460,151.8518519
 万科琥珀郡园,121.3581164,31.39454113,28.5,1860,65.26315789
 沁春园三村,121.3710991,31.09853953,13.4,1890,141.0447761
 罗山四村,121.5556297,31.25184985,7.5,1830,244
 金港花园(公寓),121.2602028,31.11360686,15,2330,155.3333333
 万馨佳园,121.6693182,31.19334181,9.5,1830,192.6315789
 证大家园(公寓),121.5883884,31.28451641,18.2,2390,131.3186813
 爱法花园(一期),121.654624,31.27377141,14.2,2190,154.2253521
 品珍苑,121.5189679,31.14293052,9.5,1990,209.4736842
 绿波城,121.6604225,31.21115541,9.7,1860,191.7525773
 美罗家园罗秀苑,121.4075123,31.12874747,18.8,1660,88.29787234
 美丽星城,121.3230052,31.13529199,11.9,1990,167.2268908
 崮山小区一街坊,121.557816,31.23841013,8.1,1930,238.2716049
 凌霄苑,121.5209859,31.14004142,11,1990,180.9090909
 澜茵华庭,121.31165,31.24074971,11.5,2290,199.1304348
 江虹花园,121.2228833,31.02470286,13,2060,158.4615385
 曹杨五月天,121.403689,31.26236824,19.2,2660,138.5416667
 绿地新江桥城,121.3069842,31.2383546,10,2090,209
 永泰花苑,121.5132839,31.13996715,11.5,2260,196.5217391
 上大阳光乾恩园,121.4000278,31.31074528,14.5,2090,144.137931
 万科城市花园,121.3388851,31.16029332,16.5,2560,155.1515152
 北九峰小区,121.2237844,31.02090222,14.1,1490,105.6737589
 紫荆二村,121.1609756,31.29215506,12,1490,124.1666667
 万科城市花园,121.3388851,31.16029332,16.3,2530,155.2147239
 建设花园,121.2326768,31.03273218,34.5,1730,50.14492754
 好世凤凰城,121.3867696,31.09508406,14.4,1990,138.1944444
 诸新三村,121.285855,31.21078798,15.2,1830,120.3947368
 金榜雅苑,121.4076216,31.02462033,9.83,1690,171.9226857
 方舟园三村,121.2329158,31.02038903,13.5,1690,125.1851852
 新月福邸,121.427459,31.40575144,15.8,1730,109.4936709
 华高新苑,121.6047071,31.2855322,13.2,2190,165.9090909
 奥林匹克花园,121.3224765,31.14966699,16,2130,133.125
 上大阳光乾泽园,121.3974885,31.31134093,13.3,2390,179.6992481
 新时代花园,121.3817364,31.1419112,12.94,2390,184.698609
 润江花苑,121.2549364,31.11023937,15.5,1960,126.4516129
 金唐公寓,121.6541855,31.20356588,13.8,1860,134.7826087
 上海派,121.1929867,31.29514227,9.4,1190,126.5957447
 上海派,121.1929867,31.29514227,9.4,1160,123.4042553
 大发融悦,121.0813117,31.13687627,11.8,1590,134.7457627
 东陆新村二街坊,121.5946843,31.27462489,13.6,2230,163.9705882
 恒大华城新华苑,121.4810375,31.16433559,12.87,2090,162.3931624
 联鑫坊,121.4552961,30.92012857,16,2590,161.875
 美岸栖庭(公寓),121.4882031,31.32977125,14.5,2260,155.862069
 大发融悦,121.0813117,31.13687627,8.8,1160,131.8181818
 岭南苑(凌兆路99弄),121.4880454,31.14446749,11.1,2090,188.2882883
 航华二村二街坊,121.3461513,31.17215816,13.2,2230,168.9393939
 九城湖滨国际,121.3140248,31.15101929,16.8,2030,120.8333333
 芳芯路251弄,121.552379,31.19469514,11.5,2290,199.1304348
 新凯城丹桂苑,121.2280426,31.11202113,9,1530,170
 润江花苑,121.2549364,31.11023937,12,2090,174.1666667
 大发融悦,121.0813117,31.13687627,10.3,1490,144.6601942
 李园二村,121.2474345,31.39340744,13,1190,91.53846154
 嘉丰佳苑,121.2306247,31.3735464,15.2,1490,98.02631579
 品珍苑,121.5189679,31.14293052,13.7,2060,150.3649635
 绿地新江桥城,121.3069842,31.2383546,10,1860,186
 莲溪二村,121.555269,31.1872181,12.3,1990,161.7886179
 万科城市花园,121.3388851,31.16029332,10,1830,183
 环龙公寓,121.5541359,31.19186187,13.26,1890,142.5339367
 芳华路713弄,121.559509,31.19930599,12.74,2190,171.899529
 滨浦新苑八村,121.4908048,31.0656315,15.3,1860,121.5686275
 枫树林景苑,121.6475857,31.26276975,12.16,1860,152.9605263
 民东公寓,121.3109416,31.29500132,12,1890,157.5
 桃浦新家园,121.3432496,31.29000726,16,1990,124.375
 万兆家园(五期),121.3462192,31.15065815,12.8,2490,194.53125
 富弘苑,121.4195425,31.34847946,16.9,1990,117.7514793
 双桥小区,121.5919232,31.28809595,15,2330,155.3333333
 和合新村,121.5706093,31.15382563,18.8,2160,114.893617
 红枫苑,121.522331,31.14181194,11.5,1990,173.0434783
 日月新苑,121.4993235,31.15166125,10,2190,219
 三林新村(永泰路468弄),121.5091802,31.13843127,11.8,2390,202.5423729
 古楼新苑,121.2493531,31.10664497,11.3,1890,167.2566372
 经纬学府涵青花园(二期),121.3929125,31.3327128,11.1,1890,170.2702703
 莲溪二村,121.555269,31.1872181,12.3,1990,161.7886179
 桃浦新家园,121.3432496,31.29000726,16,1990,124.375
 万兆家园(五期),121.3462192,31.15065815,12.8,2490,194.53125
 富弘苑,121.4195425,31.34847946,16.9,1990,117.7514793
 双桥小区,121.5919232,31.28809595,15,2330,155.3333333
 和合新村,121.5706093,31.15382563,18.8,2160,114.893617
 红枫苑,121.522331,31.14181194,11.5,1990,173.0434783
 日月新苑,121.4993235,31.15166125,10,2190,219
 鑫都佳园,121.4173588,31.26574442,13.3,2790,209.7744361
 古楼新苑,121.2493531,31.10664497,11.3,1890,167.2566372
 经纬学府涵青花园(二期),121.3929125,31.3327128,11.1,1890,170.2702703
 瑞丰园,121.372886,31.31903371,12.5,1990,159.2
 万里真金苑,121.4017678,31.26925125,10.6,2360,222.6415094
 民东公寓,121.3109416,31.29500132,12,1890,157.5
 三湘四季花城,121.2242129,31.05554184,12,1890,157.5
 祁连二村,121.374342,31.31958213,14.1,1590,112.7659574
" 上泰花苑,",121.5592176,31.24842223,12,2690,224.1666667
 新城金郡,121.235739,31.34716781,86.41,4360,50.45712302
 桃浦一村瑞香苑,121.3482892,31.28701057,67,4690,70
 经纬城市绿洲,121.3988469,31.33070802,10.9,1890,173.3944954
 江中公寓,121.2208764,31.02922649,13.4,1630,121.641791
 浦江东旭公寓,121.581743,31.2962782,12,1960,163.3333333
 金地自在城(二期),121.2465896,31.12741789,19.1,1930,101.0471204
 好世凤凰城,121.3867696,31.09508406,14.7,2490,169.3877551
 新里城和合苑,121.5223551,31.16014888,11.9,1990,167.2268908
 闵浦新苑六村,121.5318805,31.06111294,15.6,1630,104.4871795
 朱梅小区,121.4084973,31.13087238,11.62,2390,205.6798623
 浣纱六村,121.5295146,31.29974913,17,2790,164.1176471
 文宝苑,121.3634019,31.34926378,8.9,1790,201.1235955
 古美西路420弄,121.3906817,31.13542748,14.1,2490,176.5957447
 平阳新村四街坊,121.3846045,31.13467151,12.7,2360,185.8267717
 运银公寓,121.58209,31.34424015,20.2,2190,108.4158416
 舒馨北苑,121.6631044,31.19353426,10.3,1830,177.6699029
 阳光苑,121.3182206,31.31789553,11.1,1960,176.5765766
 浦江东旭公寓,121.581743,31.2962782,12,1960,163.3333333
 金地自在城(二期),121.2465896,31.12741789,19.1,1930,101.0471204
 好世凤凰城,121.3867696,31.09508406,14.7,2490,169.3877551
 新里城和合苑,121.5223551,31.16014888,11.9,1990,167.2268908
 闵浦新苑六村,121.5318805,31.06111294,15.6,1630,104.4871795
 朱梅小区,121.4084973,31.13087238,11.62,2390,205.6798623
 浣纱六村,121.5295146,31.29974913,17,2790,164.1176471
 文宝苑,121.3634019,31.34926378,8.9,1790,201.1235955
 古美西路420弄,121.3906817,31.13542748,14.1,2490,176.5957447
 平阳新村四街坊,121.3846045,31.13467151,12.7,2360,185.8267717
 运银公寓,121.58209,31.34424015,20.2,2190,108.4158416
 舒馨北苑,121.6631044,31.19353426,10.3,1830,177.6699029
 阳光苑,121.3182206,31.31789553,11.1,1960,176.5765766
 金唐公寓,121.6541855,31.20356588,11.6,2190,188.7931034
 金唐公寓,121.6541855,31.20356588,11.6,2190,188.7931034
 昌七小区,121.5109251,31.17660938,14.7,2390,162.585034
 三花现代城(二期香梅苑),121.4719862,31.32125467,15.85,2360,148.8958991
 绿波城,121.6604225,31.21115541,16.5,2360,143.030303
 远洋香奈,121.4223783,31.39354183,14.7,1960,133.3333333
 松云水苑(公寓),121.2334014,31.04600784,15,2130,142
 经纬学府涵青花园(二期),121.3929125,31.3327128,12.7,2190,172.4409449
 奥林匹克花园,121.3224765,31.14966699,18.1,1990,109.9447514
 浦发绿城,121.535113,31.14577525,8.1,1990,245.6790123
 中梅苑,121.4102415,31.13104837,14,2390,170.7142857
 步阳御江金都,121.2421445,31.40053336,72,3230,44.86111111
 汇秀景苑一街坊,121.5380047,31.04627209,71,2890,40.70422535
 丽江锦庭,121.5731502,31.28205484,53.78,3460,64.33618446
 阳明国际花苑,121.3751161,31.1220112,16.7,2090,125.1497006
 方舟园三村,121.2329158,31.02038903,12.3,1560,126.8292683
 紫荆二村,121.1609756,31.29215506,12,1330,110.8333333
 贝尚湾(公寓),121.3159334,31.14801887,24.4,2590,106.147541
 慧华东苑,121.3948562,31.3100157,11.6,2090,180.1724138
 和家欣苑B区,121.4106986,31.36421963,14.7,2090,142.1768707
 银联花园,121.4825453,31.28686201,8.6,2290,266.2790698
 西上海名邸,121.1637058,31.28849966,12.7,1560,122.8346457
 中城绿苑,121.3979244,31.11513829,11.37,2060,181.17854
 古美十村,121.398863,31.14986098,13,2090,160.7692308
 桃园新村(川沙),121.6960141,31.19052251,65.6,4130,62.95731707
 汇福家园祥和里,121.5904973,31.09114176,13.2,1190,90.15151515
 张杨南苑,121.5492736,31.23953394,13.1,2260,172.519084
 平吉二村,121.3794773,31.14664414,13.57,2230,164.3330877
 金巷小区,121.5959313,31.26059379,10.5,2230,212.3809524
 春江锦庐,121.3816274,31.13397298,16.2,2290,141.3580247
 宝沁苑,121.3707022,31.35950937,13.3,1530,115.037594
 中建锦绣天地,121.2799464,31.1839966,13.7,2290,167.1532847
 东苑利景花苑,121.3859631,31.11407338,9.63,2060,213.9148494
 巴黎之春,121.4016831,31.26630979,29.9,2930,97.99331104
 昌七小区,121.5109251,31.17660938,13,2590,199.2307692
 阳光苑,121.3182206,31.31789553,10,2230,223
 桃浦一村瑞香苑,121.3482892,31.28701057,54,4390,81.2962963
 龙湖北城天街,121.3561039,31.36260668,31,2990,96.4516129
 罗山一村,121.5541063,31.2560488,14.3,2190,153.1468531
 绿洲康城金邸,121.5730074,31.15464531,16.8,2160,128.5714286
 新高苑(一至三期),121.4129761,31.21866238,14.7,1930,131.292517
 江虹花园,121.2228833,31.02470286,12.3,1890,153.6585366
 好日子大家园B区,121.357189,31.35130899,18.62,1730,92.91084855
 泗泾新苑,121.2689835,31.11626714,15,1760,117.3333333
 凌云新村,121.4132502,31.14289235,11.7,2390,204.2735043
 美岸栖庭(公寓),121.4882031,31.32977125,13.6,2160,158.8235294
 平吉二村,121.3794773,31.14664414,12.5,2490,199.2
 嘉宝梦之缘景庭,121.0989058,31.15707962,16.1,1660,103.1055901
 杉林新月环林东路875弄,121.5279981,31.14322937,13.5,2390,177.037037
 宝山三村,121.4933332,31.39467803,15.7,1860,118.4713376
 金唐公寓,121.6541855,31.20356588,13.6,2130,156.6176471
 世华佳苑,121.430395,31.369008,17.3,1990,115.0289017
 枫泽苑,121.4163515,31.03270173,14,1660,118.5714286
 东陆新村二街坊,121.5946843,31.27462489,12.7,2190,172.4409449
 高乐小区,121.2292977,31.02118303,13,1660,127.6923077
 彭新小区,121.4422154,31.31141293,14.4,2490,172.9166667
 大华锦绣华城(二街区),121.5266449,31.17851743,9.53,1830,192.0251836
 渔洋苑,121.2274443,31.09007999,12,1690,140.8333333
 金利公寓,121.6575521,31.20558518,12.4,2190,176.6129032
 新梅广场,121.3848584,31.12344983,13.8,2390,173.1884058
 好日子大家园B区,121.357189,31.35130899,13.6,1730,127.2058824
 高行银杏苑,121.6043556,31.2929156,12.23,1890,154.5380213
 锦河苑,121.5818612,31.27264085,14.8,2390,161.4864865
 园西小区,121.692605,31.19219979,55,4060,73.81818182
 岭南苑(凌兆路99弄),121.4880454,31.14446749,14,2230,159.2857143
 平南三四村,121.3859734,31.15408644,10.4,2290,220.1923077
 金唐公寓,121.6541855,31.20356588,13.9,2030,146.0431655
 华盛名门,121.6887743,31.19671467,12.9,2230,172.8682171
 金鹏苑,121.5860987,31.25831428,14,2230,159.2857143
 明丰花园,121.5273649,31.15254701,13,2090,160.7692308
 民乐佳苑,121.0873199,31.15913401,9.1,1190,130.7692308
 恒大华城天地苑,121.4856934,31.16517265,14,2290,163.5714286
 宝景苑,121.4721977,31.34163943,21,2290,109.047619
 证大家园(公寓),121.5883884,31.28451641,15.1,2590,171.5231788
 万馨佳园,121.6693182,31.19334181,13.1,2190,167.1755725
 双桥小区,121.5919232,31.28809595,12.7,1960,154.3307087
 保利金色唐城,121.6537071,31.20611368,9,1960,217.7777778
 鹏海小区,121.5603038,31.1777114,18.44,1890,102.494577
 航华二村驰骋小区,121.4892043,31.20575652,16,2460,153.75
 中鼎豪园,121.3838948,31.26570641,14.1,2190,155.3191489
 祥和公寓(松江),121.2589835,31.11942265,20,2130,106.5
 复星花园(行知路569弄),121.4079246,31.28418724,10.2,2390,234.3137255
 环球翡翠湾花园(公寓),121.5282759,31.15550537,14.5,2490,171.7241379
 虹桥机场新村,121.3486428,31.18537625,10.31,1930,187.1968962
 大华颐和华城(公寓),121.3966633,31.27584869,20.9,2390,114.354067
 香樟苑(普陀),121.3724827,31.26257708,12.05,1990,165.1452282
 青厦小区,121.6836352,31.19880271,10.9,1760,161.4678899
 上大阳光乾静园,121.4025814,31.31343271,10,1890,189
 汇福家园健康里,121.5904973,31.09114176,8.3,990,119.2771084
 保利金色唐城,121.6537071,31.20611368,9,1960,217.7777778
 鹏海小区,121.5603038,31.1777114,18.44,1890,102.494577
 航华二村驰骋小区,121.4892043,31.20575652,16,2460,153.75
 祥和公寓(松江),121.2589835,31.11942265,20,2130,106.5
 复星花园(行知路569弄),121.4079246,31.28418724,10.2,2390,234.3137255
 环球翡翠湾花园(公寓),121.5282759,31.15550537,14.5,2490,171.7241379
 虹桥机场新村,121.3486428,31.18537625,10.31,1930,187.1968962
 香樟苑(普陀),121.3724827,31.26257708,12.05,1990,165.1452282
 青厦小区,121.6836352,31.19880271,10.9,1760,161.4678899
 上大阳光乾静园,121.4025814,31.31343271,10,1890,189
 汇福家园健康里,121.5904973,31.09114176,8.3,990,119.2771084
 复星新苑,121.4173445,31.28870892,11,2390,217.2727273
 学林苑,121.3796507,31.31556228,11.9,1990,167.2268908
 复星新苑,121.4173445,31.28870892,14.2,2190,154.2253521
 大华颐和华城(公寓),121.3966633,31.27584869,20.9,2390,114.354067
 中鼎豪园,121.3838948,31.26570641,14.1,2190,155.3191489
 盛源花园,121.4008157,31.12501518,9.07,1990,219.4046307
 万科金色领域,121.2163807,31.38583169,89.74,3230,35.99286829
 上海派,121.1929867,31.29514227,69,3690,53.47826087
 民主花园,121.4434826,31.32028066,66,5030,76.21212121
 骏丰玲珑坊,121.2698616,31.32157554,55,3860,70.18181818
 御上海,121.2296785,31.05078588,16,2090,130.625
 浦发绿城,121.535113,31.14577525,15.3,2590,169.2810458
 爱德佳苑(一期),121.3102053,31.23374043,12,2060,171.6666667
 毕加索小镇(一期)(公寓),121.6432062,31.21901808,14.8,2230,150.6756757
 龙柏六村,121.3613312,31.17545659,11.2,2230,199.1071429
 永泰花苑,121.5132839,31.13996715,11.4,2230,195.6140351
 美兰湖岭域,121.353287,31.39242362,14,1590,113.5714286
 北华苑,121.4107701,31.28237158,13.3,2090,157.1428571
 新芳邻,121.649722,31.27493846,11.8,2290,194.0677966
 新凯城香樟苑,121.2275996,31.11446122,9.3,1530,164.516129
 嘉富小区,121.251254,31.39773638,12,1190,99.16666667
 盘古天地,121.2418422,31.3414612,11.3,2130,188.4955752
 紫藤新园,121.3947871,31.00879778,11.8,1690,143.220339
 金杨路750弄,121.580639,31.25490042,12.9,2490,193.0232558
 恒大翰城瀚林苑,121.5037097,31.15211159,8.9,1990,223.5955056
 文华苑(宝山),121.4601573,31.29905597,12.9,2490,193.0232558
 华盛名门,121.6887743,31.19671467,16.5,2360,143.030303
 张杨花苑,121.5519932,31.24208636,8.3,1960,236.1445783
 航华二村驰骋小区,121.4892043,31.20575652,11.4,2330,204.3859649
 摩卡小城,121.303684,31.14674098,20.7,1990,96.1352657
 绿洲丰怡园,121.2300676,31.3720557,85,3590,42.23529412
 文宝苑,121.3634019,31.34926378,75,4760,63.46666667
 连城苑,121.5812107,31.26194963,16,2590,161.875
 金利公寓,121.6575521,31.20558518,16,2090,130.625
 羽北小区,121.5428418,31.23754793,12.2,2260,185.2459016
 水韵华庭,121.4180401,31.2702922,15,2530,168.6666667
 金沙鼎苑,121.3031543,31.24954869,11.7,1830,156.4102564
 骏丰嘉峰汇,121.3149703,31.29143505,11,1860,169.0909091
 华盛名门,121.6887743,31.19671467,16.5,2360,143.030303
 张杨花苑,121.5519932,31.24208636,8.3,1960,236.1445783
 航华二村驰骋小区,121.4892043,31.20575652,11.4,2330,204.3859649
 摩卡小城,121.303684,31.14674098,20.7,1990,96.1352657
 金枫里,121.5176961,31.26584749,12.8,1890,147.65625
 绿洲丰怡园,121.2300676,31.3720557,85,3590,42.23529412
 海滨二村(宝山),121.4873691,31.38213668,45,3790,84.22222222
 连城苑,121.5812107,31.26194963,16,2590,161.875
 金利公寓,121.6575521,31.20558518,16,2090,130.625
 羽北小区,121.5428418,31.23754793,12.2,2260,185.2459016
 水韵华庭,121.4180401,31.2702922,15,2530,168.6666667
 绿波城,121.6604225,31.21115541,15.4,2090,135.7142857
 安盛苑,121.3719512,31.2607274,16.04,2290,142.7680798
 莲花公寓(闵行),121.3955981,31.14131925,13.06,2290,175.3445636
 万兆家园(一期),121.3462192,31.15065815,13.7,2290,167.1532847
 博一小区,121.5788528,31.26886832,10.1,2590,256.4356436
 复星新苑,121.4173445,31.28870892,14.6,2690,184.2465753
 芳芯路251弄,121.552379,31.19469514,11.7,2290,195.7264957
 新园大楼,121.3927583,31.15506094,13.72,2690,196.0641399
 同方锦城,121.5814008,31.26503094,17.7,2860,161.5819209
 好日子大家园B区,121.357189,31.35130899,13,1590,122.3076923
 古美西路420弄,121.3906817,31.13542748,13.48,2290,169.8813056
 杉林新月环林东路799弄,121.528552,31.14610451,11,2030,184.5454545
 珠光苑,121.6786067,31.19617579,16.2,2530,156.1728395
 绿波城,121.6604225,31.21115541,15.2,2090,137.5
 通河八村,121.4396738,31.33100916,12.9,2030,157.3643411
 新时代花园,121.3817364,31.1419112,10.7,2030,189.7196262
 大发融悦,121.0813117,31.13687627,15.4,1490,96.75324675
 松云水苑(公寓),121.2334014,31.04600784,16,2030,126.875
 首创禧悦(一期),121.0749693,31.13331455,8.3,1160,139.7590361
 文宝苑,121.3634019,31.34926378,54.83,3860,70.39941638
 桃浦一村瑞香苑,121.3482892,31.28701057,50,4490,89.8
 瑞和华苑南区,121.5322676,31.04110734,62,2890,46.61290323
 汇丰凯苑,121.2232421,31.38907032,60,2830,47.16666667
 槎浦新家园,121.3239365,31.29014573,15.1,2190,145.0331126
 逸居苑,121.4894647,31.34293767,12.7,2190,172.4409449
 妙境公寓,121.6856074,31.19068633,15.2,1690,111.1842105
 莲浦花苑,121.3904113,31.12820354,14,2130,152.1428571
 凌兆新村(凌兆路334弄),121.4927201,31.14385731,11.57,1960,169.4036301
 绿地蔷薇九里(公寓),121.2262965,31.0610048,11.8,1690,143.220339
 绿地新江桥城,121.3069842,31.2383546,12,1990,165.8333333
 新申花城茉莉苑,121.3955869,31.1084257,14.71,1890,128.4840245
 高行银杏苑,121.6043556,31.2929156,13.86,1830,132.034632
 金港花园(公寓),121.2602028,31.11360686,13,1660,127.6923077
 丽都城假日景苑,121.4037786,31.01488803,13.87,1730,124.7296323
 闵富花苑,121.3658283,31.10623907,18.95,1990,105.0131926
 佳洲欣苑,121.6828847,31.19005082,16.3,1860,114.1104294
 诸新三村,121.285855,31.21078798,12.2,1860,152.4590164
 梧桐城邦(二期),121.4062137,31.29483854,16,2290,143.125
 万兆家园(一期),121.3462192,31.15065815,13.5,2030,150.3703704
 祜欣公寓,121.3855979,31.15550608,11.4,2230,195.6140351
 文华苑(宝山),121.4601573,31.29905597,12.78,2290,179.1862285
 高行银杏苑,121.6043556,31.2929156,12.35,2060,166.8016194
 盘古嘉德,121.2326272,31.3509262,12.3,1460,118.699187
 金杨新村十街坊,121.5802907,31.25301787,15,2560,170.6666667
 富泰苑,121.3552277,31.38674187,16.7,1590,95.20958084
 槎浦新家园,121.3239365,31.29014573,15.2,2090,137.5
 锦峰苑,121.3727641,31.08887307,15.2,2290,150.6578947
 闵富花苑,121.3658283,31.10623907,17.48,2290,131.006865
 祥和花苑(公寓),121.2334117,31.02913756,15.8,1460,92.40506329
 仁德路67弄10支弄,121.4839834,31.30783992,14.4,2560,177.7777778
 新里米兰公寓,121.1949698,31.29691502,9.6,1390,144.7916667
 世华佳苑,121.430395,31.369008,10,2090,209
 红枫苑,121.522331,31.14181194,13.5,2090,154.8148148
 祜欣公寓,121.3855979,31.15550608,11.4,2230,195.6140351
 文华苑(宝山),121.4601573,31.29905597,12.78,2290,179.1862285
 高行银杏苑,121.6043556,31.2929156,12.35,2060,166.8016194
 盘古嘉德,121.2326272,31.3509262,12.3,1460,118.699187
 金杨新村十街坊,121.5802907,31.25301787,15,2560,170.6666667
 富泰苑,121.3552277,31.38674187,16.7,1590,95.20958084
 槎浦新家园,121.3239365,31.29014573,15.2,2090,137.5
 锦峰苑,121.3727641,31.08887307,15.2,2290,150.6578947
 闵富花苑,121.3658283,31.10623907,17.48,2290,131.006865
 祥和花苑(公寓),121.2334117,31.02913756,15.8,1460,92.40506329
 仁德路67弄10支弄,121.4839834,31.30783992,14.4,2560,177.7777778
 新里米兰公寓,121.1949698,31.29691502,9.6,1390,144.7916667
 阳光美景城,121.3999822,31.14002078,11.3,2090,184.9557522
 九英里,121.4260496,31.33154127,14.5,2230,153.7931034
 世华佳苑,121.430395,31.369008,10,2090,209
 红枫苑,121.522331,31.14181194,13.5,2090,154.8148148
 学前二村,121.5797017,31.34889218,42.29,3580,84.65358241
 大同路119号,121.5749722,31.34912042,64,3760,58.75
 开鲁一村,121.5267156,31.32481854,42,4090,97.38095238
 三林世博家园(东书房路560弄),121.5295836,31.16356932,15,1890,126
 繁盛苑,121.3889019,31.06314771,14,1830,130.7142857
 经纬学府涵青花园(二期),121.3929125,31.3327128,12.6,2130,169.047619
 由由四村,121.5288733,31.19280676,12.9,2160,167.4418605
 绿地新江桥城,121.3069842,31.2383546,12,1830,152.5
 古美西路316弄,121.3905831,31.1368742,15.3,2460,160.7843137
 杉林新月环林东路879弄,121.5252193,31.14215228,12,1960,163.3333333
 凌兆丁香苑,121.4946707,31.14167699,12.5,1990,159.2
 绿海家园,121.7041318,31.18882644,13.9,2130,153.2374101
 立诚苑,121.6813046,31.19683818,21.2,1960,92.45283019
 金杨路750弄,121.580639,31.25490042,14.9,2390,160.4026846
 盛世宝邸(一期),121.4843137,31.33688282,12.5,2490,199.2
 玉兰小区,121.556158,31.18234191,13.5,1860,137.7777778
 汇郡海棠苑,121.3478533,31.28622874,13.4,1890,141.0447761
 西班牙名园,121.3997234,31.12918477,19.9,2760,138.6934673
 天恒名城,121.387608,31.05834848,19.1,1990,104.1884817
 地杰国际城F欧香四季,121.5706689,31.15979798,11.2,1830,163.3928571
 顺馨佳园,121.6721857,31.19445599,11.5,1760,153.0434783
 江虹花园,121.2228833,31.02470286,15.5,1690,109.0322581
 九城湖滨国际,121.3140248,31.15101929,15.1,2130,141.0596026
 古楼新苑,121.2493531,31.10664497,13.2,1890,143.1818182
 兰花教师公寓,121.5309144,31.30571295,9.9,2190,221.2121212
 金利公寓,121.6575521,31.20558518,13,1960,150.7692308
 航华一村,121.3480657,31.17836661,16.3,2430,149.0797546
 清河路66号,121.2427302,31.38618766,65,2830,43.53846154
 桃浦五村迎春苑,121.3446359,31.28700859,65.65,4690,71.43945164
 安亭中央公园,121.151077,31.29370314,11.5,1390,120.8695652
 临沂七村,121.5113305,31.19651065,14.8,2590,175
 金鹤新城双佳翠庭,121.311333,31.24395969,12,2230,185.8333333
 御上海,121.2296785,31.05078588,12.7,2060,162.2047244
 名都新城,121.3865557,31.10930822,15,2030,135.3333333
 汇福家园健康里,121.5904973,31.09114176,12.2,1060,86.8852459
 文华苑(宝山),121.4601573,31.29905597,14.3,2290,160.1398601
 新城香溢Z庭(二期),121.2438155,31.35606853,10.2,1190,116.6666667
 金桂新村,121.1618905,31.28891285,9.6,1130,117.7083333
